{
    "aircraft_type": "B738",
    "ISA_offset":  0,

    "max_alt_ft": 41000,
    "max_payload_kg": 22422,
  
    "speeds": {
      "climb":   { "cas_lo": 128.611, "cas_hi": 154.3332, "mach": 0.80 },
      "cruise":  { "cas_lo": 128.611, "cas_hi": 144.04432, "mach": 0.80 },
      "descent": { "cas_lo": 128.611, "cas_hi": 149.18876, "mach": 0.80 }
    },

    "LTO_performance": {
      "Foo_kN": 102.695, 
      "thrust_settings": {
        "approach": {"THRUST_FRAC": 0.3, "FUEL_KGs": 0.62344}, 

        "climb": {"THRUST_FRAC": 0.85, "FUEL_KGs": 0.87489}, 

        "takeoff": {"THRUST_FRAC": 1.0, "FUEL_KGs": 0.95898}, 
              
        "idle": {"THRUST_FRAC": 0.07, "FUEL_KGs": 0.37251}
              }
            },
    
    "flight_performance_cols": ["FUEL_FLOW", "FL", "TAS", "ROCD", "MASS"],
    "flight_performance": [
          [0.958668584, 0, 80.767708, 19.49196, 51434],
          [0.958668584, 0, 80.767708, 13.0302, 68534],
          [0.958668584, 0, 80.767708, 9.67232, 81371],
          [0.958668584, 5, 81.282152, 19.58848, 51434],
          [0.958668584, 5, 81.282152, 13.09116, 68534],
          [0.958668584, 5, 81.282152, 9.71296, 81371],
          [0.958501917, 10, 81.796596, 19.685, 51434],
          [0.958501917, 10, 81.796596, 13.15212, 68534],
          [0.958501917, 10, 81.796596, 9.7536, 81371],
          [0.958168583, 15, 85.397704, 17.9578, 51434],
          [0.958168583, 15, 85.397704, 13.6398, 68534],
          [0.958168583, 15, 85.397704, 10.20064, 81371],
          [0.958168583, 20, 85.912148, 18.40484, 51434],
          [0.958168583, 20, 85.912148, 13.92428, 68534],
          [0.958168583, 20, 85.912148, 10.42416, 81371],
          [0.95666858, 30, 97.74436, 22.44852, 51434],
          [0.95666858, 30, 97.74436, 15.66672, 68534],
          [0.95666858, 30, 97.74436, 12.02944, 81371],
          [0.954335242, 40, 115.7499, 24.9428, 51434],
          [0.954335242, 40, 115.7499, 17.18056, 68534],
          [0.954335242, 40, 115.7499, 10.75436, 81371],
          [0.950501901, 60, 139.928768, 26.93924, 51434],
          [0.950501901, 60, 139.928768, 19.16684, 68534],
          [0.950501901, 60, 139.928768, 15.24, 81371],
          [0.949501898, 80, 144.04432, 27.32532, 51434],
          [0.949501898, 80, 144.04432, 19.42084, 68534],
          [0.949501898, 80, 144.04432, 15.42288, 81371],
          [0.942668552, 100, 177.997624, 26.78684, 51434],
          [0.942668552, 100, 177.997624, 19.88312, 68534],
          [0.942668552, 100, 177.997624, 15.98676, 81371],
          [0.941168548, 120, 183.142064, 27.14244, 51434],
          [0.941168548, 120, 183.142064, 20.06092003, 68534],
          [0.941168548, 120, 183.142064, 16.10868, 81371],
          [0.939668546, 140, 188.800948, 27.50312003, 51434],
          [0.939668546, 140, 188.800948, 20.23872, 68534],
          [0.939668546, 140, 188.800948, 16.23060003, 81371],
          [0.9378352091, 160, 194.459832, 27.86888, 51434],
          [0.9378352091, 160, 194.459832, 20.41652, 68534],
          [0.9378352091, 160, 194.459832, 16.34744, 81371],
          [0.936001872, 180, 200.118716, 28.23464, 51434],
          [0.936001872, 180, 200.118716, 20.58924, 68534],
          [0.936001872, 180, 200.118716, 16.45920003, 81371],
          [0.934001868, 200, 206.292044, 28.6004, 51434],
          [0.934001868, 200, 206.292044, 20.75688, 68534],
          [0.934001868, 200, 206.292044, 16.5608, 81371],
          [0.931835197, 220, 212.465372, 28.96616, 51434],
          [0.931835197, 220, 212.465372, 20.91944, 68534],
          [0.931835197, 220, 212.465372, 16.65732, 81371],
          [0.929335191, 240, 219.153144, 29.32684, 51434],
          [0.929335191, 240, 219.153144, 21.07184, 68534],
          [0.929335191, 240, 219.153144, 16.74368, 81371],
          [0.926835187, 260, 225.840916, 29.67228, 51434],
          [0.926835187, 260, 225.840916, 21.21916, 68534],
          [0.926835187, 260, 225.840916, 16.82496, 81371],
          [0.924001848, 280, 233.043132, 30.00248, 51434],
          [0.924001848, 280, 233.043132, 21.35632, 68534],
          [0.924001848, 280, 233.043132, 16.891, 81371],
          [0.922501845, 290, 236.64424, 30.15488, 51434],
          [0.922501845, 290, 236.64424, 21.4122, 68534],
          [0.922501845, 290, 236.64424, 16.91132, 81371],
          [0.920168507, 310, 241.274236, 30.62224, 51434],
          [0.920168507, 310, 241.274236, 21.61032, 68534],
          [0.920168507, 310, 241.274236, 16.98752, 81371],
          [0.920168507, 330, 239.21646, 31.44520003, 51434],
          [0.920168507, 330, 239.21646, 22.03704, 68534],
          [0.920168507, 330, 239.21646, 17.22628003, 81371],
          [0.920168507, 350, 237.673128, 32.131, 51434],
          [0.920168507, 350, 237.673128, 22.38248, 68534],
          [0.920168507, 350, 237.673128, 17.2212, 81371],
          [0.920168507, 370, 236.129796, 32.77108005, 51434],
          [0.920168507, 370, 236.129796, 22.66188, 68534],
          [0.920168507, 370, 236.129796, 16.64208, 81371],
          [0.920168507, 390, 236.129796, 33.39084004, 51434],
          [0.920168507, 390, 236.129796, 22.75332, 68534],
          [0.920168507, 390, 236.129796, 14.62532, 81371],
          [0.920168507, 410, 236.129796, 33.93948, 51434],
          [0.920168507, 410, 236.129796, 22.20468, 68534],
          [0.920168507, 410, 236.129796, 7.5946, 81371],
          [0.693668054, 60, 139.928768, 0, 51434],
          [0.740334814, 60, 139.928768, 0, 68534],
          [0.786834907, 60, 139.928768, 0, 81371],
          [0.697501395, 80, 144.04432, 0, 51434],
          [0.744501489, 80, 144.04432, 0, 68534],
          [0.79166825, 80, 144.04432, 0, 81371],
          [0.70166807, 100, 148.674316, 0, 51434],
          [0.749168165, 100, 148.674316, 0, 68534],
          [0.797001594, 100, 148.674316, 0, 81371],
          [0.7056680781, 120, 153.304312, 0, 51434],
          [0.753668174, 120, 153.304312, 0, 68534],
          [0.802168271, 120, 153.304312, 0, 81371],
          [0.755501511, 140, 176.454292, 0, 51434],
          [0.793834921, 140, 176.454292, 0, 68534],
          [0.82883499, 140, 176.454292, 0, 81371],
          [0.759501519, 160, 181.598732, 0, 51434],
          [0.798168263, 160, 181.598732, 0, 68534],
          [0.833501667, 160, 181.598732, 0, 81371],
          [0.7635015271, 180, 187.257616, 0, 51434],
          [0.802501605, 180, 187.257616, 0, 68534],
          [0.838168343, 180, 187.257616, 0, 81371],
          [0.767334868, 200, 192.9165, 0, 51434],
          [0.806668279, 200, 192.9165, 0, 68534],
          [0.843001685, 200, 192.9165, 0, 81371],
          [0.771334876, 220, 199.089828, 0, 51434],
          [0.811001621, 220, 199.089828, 0, 68534],
          [0.847835029, 220, 199.089828, 0, 81371],
          [0.775001549, 240, 205.263156, 0, 51434],
          [0.815168296, 240, 205.263156, 0, 68534],
          [0.852835039, 240, 205.263156, 0, 81371],
          [0.778668223, 260, 211.950928, 0, 51434],
          [0.819334971, 260, 211.950928, 0, 68534],
          [0.857835049, 260, 211.950928, 0, 81371],
          [0.782334897, 280, 218.6387, 0, 51434],
          [0.823501647, 280, 218.6387, 0, 68534],
          [0.863168392, 280, 218.6387, 0, 81371],
          [0.784001568, 290, 221.725364, 0, 51434],
          [0.825334984, 290, 221.725364, 0, 68534],
          [0.865668398, 290, 221.725364, 0, 81371],
          [0.787501575, 310, 228.92758, 0, 51434],
          [0.829334991, 310, 228.92758, 0, 68534],
          [0.870835075, 310, 228.92758, 0, 81371],
          [0.797668262, 330, 239.21646, 0, 51434],
          [0.839335011, 330, 239.21646, 0, 68534],
          [0.87833509, 330, 239.21646, 0, 81371],
          [0.782834898, 350, 237.6731282, 0, 51434],
          [0.828668324, 350, 237.6731282, 0, 68534],
          [0.879501759, 350, 237.6731282, 0, 81371],
          [0.770168207, 370, 236.129796, 0, 51434],
          [0.822501645, 370, 236.129796, 0, 68534],
          [0.903001806, 370, 236.129796, 0, 81371],
